,close,date,high,low,open,quoteVolume,volume,weightedAverage
0,6578.70306715,1510619700,6579.2255,6555.00000001,6561.25301923,33.1695893,217795.78205492,6566.12839203
1,6579.99999999,1510620000,6580.99999985,6571.0108,6579.2255,60.81312093,400096.00574133,6579.10660763
2,6579.60010001,1510620300,6588.99999997,6570,6579.99999999,27.33763427,179839.03643428,6578.44181607
3,6593.6707,1510620600,6600.7458,6573.10000018,6583.06849997,83.82543321,552809.89005777,6594.7752238
4,6616.35,1510620900,6616.35,6591.3,6599.99999975,50.3616079,332696.09246645,6606.14516373
5,6637.52,1510621200,6637.52,6613.573763,6616.34999974,34.25814308,226895.49555197,6623.11132924
6,6565.30746782,1510621500,6638,6565.30746781,6635.00000001,74.49675258,492063.74877306,6605.17045014
7,6588,1510621800,6608.3786,6531.59227472,6565.30746782,65.36980087,429594.01090243,6571.75033708
8,6583.50040013,1510622100,6597.05186149,6583,6588,7.58110953,49933.79697509,6586.60803903
9,6638.65116987,1510622400,6640.74309996,6580,6583.50040013,29.57075138,195689.49484118,6617.67069515
10,6642.79324373,1510622700,6649.94921182,6630.94921182,6638.65116987,31.41588254,208596.78740441,6639.85126436
11,6648.9622,1510623000,6649.99999999,6605.94007893,6641.2898,12.3676262,81979.78012008,6628.57841871
12,6645.47960003,1510623300,6650.00000001,6640.31840015,6643.93560007,23.56433843,156642.01247122,6647.4182136
13,6622.0863,1510623600,6649.99999988,6610.61809997,6645.47960003,14.20554787,94253.29036843,6634.96341225
14,6615.00000002,1510623900,6624.07319997,6556.09450002,6622.0863,42.49614547,279874.93038255,6585.8897857
15,6608.63299992,1510624200,6623.0216,6594.99999989,6605.03776235,12.37590094,81777.55402026,6607.80612391
16,6594.85585207,1510624500,6614.81811528,6588,6601.2959,21.29428062,140541.58788209,6599.96880806
17,6576.99999999,1510624800,6600.3447,6569.90000003,6594.4793,35.44449532,233230.81600184,6580.17031689
18,6561.7677,1510625100,6600.00000001,6560,6587.2037546,15.15052257,99678.1833393,6579.1911057
19,6546.93249997,1510625400,6567.45789989,6530.90000013,6567.45789989,32.51832474,213176.33489791,6555.57555939
20,6566.14380004,1510625700,6567.45789994,6548.03530002,6550,18.87141112,123697.27826348,6554.74450092
21,6588.20630028,1510626000,6599.36,6567.00000001,6567.45789994,13.16743612,86710.18667084,6585.19896209
22,6612.00000017,1510626300,6632.8374,6588.20630029,6588.20630029,31.46620397,208027.73649491,6611.14816052
23,6608.055,1510626600,6650,6600.09569987,6614.7755,78.17296921,518383.55889407,6631.2379347
24,6609.99999988,1510626900,6623.42657284,6583.87000001,6613,38.14610586,252019.51570571,6606.69051332
25,6634.9999,1510627200,6650,6609.99999988,6609.99999988,27.44123409,181876.82140495,6627.86596289
26,6613.5911,1510627500,6640.55959992,6613,6636.56475824,35.62512915,236061.3839255,6626.26043912
27,6610.8993265,1510627800,6618.15096404,6597.5869,6618.15096401,14.61008559,96595.21739868,6611.54356719
28,6612,1510628100,6623.99999941,6610,6611.16997308,22.80012969,150778.23848023,6613.04301906
29,6620.00000003,1510628400,6629.68789905,6600.49163398,6612,40.37206913,266941.6596644,6612.03810993
30,6633.00000003,1510628700,6650,6613.18568921,6620.00000003,12.81393891,85016.38188612,6634.67981884
31,6649.99999993,1510629000,6649.99999998,6633,6638.1023,33.98921932,225727.59786544,6641.15276494
32,6644.3735,1510629300,6650,6638.62590015,6642.5539,13.81271292,91813.95205828,6647.06148531
33,6646.00000001,1510629600,6652.45729369,6644.3735,6644.3735,15.85492712,105386.80694398,6646.94363754
34,6650.3805,1510629900,6652.4572888,6646,6652.45728877,9.7822039,65033.20191125,6648.11351062
35,6653,1510630200,6660,6646.00000001,6650.3805,24.30375653,161682.64477298,6652.5783606
36,6648.3861,1510630500,6659.99999999,6646.34700012,6658.01819994,15.49017516,103123.61836362,6657.35650491
37,6665.8539475,1510630800,6666.94896355,6646.00000001,6654.2915881,19.0807196,127008.83072689,6656.39626751
38,6683.0599939,1510631100,6687.99999997,6665.85394749,6667.111,51.70961481,345325.29937142,6678.1642184
39,6669.7195,1510631400,6683.05999391,6642.32,6680,68.96438507,460114.24093526,6671.7660205
40,6611.58165487,1510631700,6672.71239989,6611.58165487,6667.6312,126.43377834,840416.22732083,6647.08623245
41,6610,1510632000,6620,6606.0000001,6615.00000002,34.38518939,227337.18125044,6611.48550534
42,6564,1510632300,6617.71999672,6564,6610,94.73035795,624158.0953,6588.78641237
43,6580,1510632600,6585.99999999,6535.1716382,6564,80.16868278,526358.61452517,6565.63880399
44,6576.01230003,1510632900,6580.00000001,6550,6580,53.06189996,348296.664349,6563.96896099
45,6570.00000006,1510633200,6583.37336246,6570.00000003,6579.9839,37.59366929,247265.8682219,6577.32732377
46,6584.45409999,1510633500,6585,6560.9999999,6570.67410817,13.88863806,91278.00304795,6572.1349101
47,6604.85500003,1510633800,6611.74195534,6576.94086335,6584.45409999,15.19663636,100206.35702711,6593.98268493
48,6616.51200004,1510634100,6636.40476427,6602,6604.85500003,33.80403741,223817.1467213,6621.01819397
49,6610,1510634400,6645.90329996,6610,6635.13734534,26.95624763,178768.13346217,6631.78851581
50,6611.00000001,1510634700,6630,6609.8523603,6609.8523603,17.00881648,112626.76152184,6621.66951206
51,6606,1510635000,6620.40759997,6606,6620.40759997,11.78442866,77908.6730408,6611.15403118
52,6600.7510964,1510635300,6619.99999993,6600.7510964,6606,12.94399129,85555.27772929,6609.65198542
53,6577.02979866,1510635600,6608.48054107,6569.68790797,6606.3408,44.47648898,293137.05493324,6590.8317328
54,6548.12521594,1510635900,6589,6547.79941226,6581.1139652,15.49935355,101872.36064055,6572.68448725
55,6573.31189035,1510636200,6582.07971101,6530,6547.79941226,25.62588903,167653.12327995,6542.33392971
56,6551.8635,1510636500,6586.73431354,6540.00000001,6582.07971098,13.91804124,91351.53050888,6563.53354136
57,6540.7052949,1510636800,6557.26048405,6527.46091253,6551.8635,37.4579015,245131.48401511,6544.18625173
58,6557.3731679,1510637100,6566.27710577,6540.70529489,6542.6749484,44.76398344,293396.76929123,6554.30430324
59,6549.43378398,1510637400,6562.2856,6533.77410513,6557.37316793,25.1693842,164764.30300495,6546.21907694
60,6549.99999997,1510637700,6570.27710577,6542.19469227,6549.43378398,26.24776302,172123.70923711,6557.65251712
61,6535.18352551,1510638000,6546.3407,6532.069974,6546.3407,20.7040556,135364.00741949,6538.04307883
62,6513.6224426,1510638300,6539.99999979,6513.6224426,6532.069974,36.26124394,236587.50572228,6524.52811916
63,6533.87660003,1510638600,6540,6510.99999994,6513.59148837,19.40287694,126557.7592271,6522.62855753
64,6533.51309993,1510638900,6539.99999997,6516.75143618,6537.353,21.640863,141297.51552095,6529.19966828
65,6552.55568812,1510639200,6552.55568812,6517.21780783,6534.99999997,13.77791495,90009.74001771,6532.89995941
66,6549.47000001,1510639500,6580.08714231,6541.963769,6552.55568812,13.93141059,91420.2066064,6562.16439934
67,6581.75591339,1510639800,6581.75591351,6541.96376901,6557.06039993,9.36954903,61499.36210447,6563.74836265
68,6581.8322,1510640100,6594,6568.99999949,6576.6174,9.97017109,65615.05814754,6581.13662797
69,6579.66580003,1510640400,6594,6579.66580003,6583.048,15.72788361,103584.50775852,6586.04236444
70,6568.13258935,1510640700,6589.66580003,6567.65108526,6579.66580003,8.18742215,53820.77270549,6573.59199506
71,6560.96230002,1510641000,6579.96389985,6552.77446114,6568.13258943,11.02725708,72464.52693682,6571.40088519
72,6556.46409975,1510641300,6575.3621922,6550,6571.5954,14.09580503,92369.27777492,6552.96221665
73,6549.34271348,1510641600,6556.46409975,6534.99999942,6551.2742,7.21676205,47236.05794467,6545.32567616
74,6559.182,1510641900,6561.25,6541.87000004,6549.34271341,8.45625329,55402.27659513,6551.63400328
75,6559,1510642200,6564.18407091,6544.3614336,6561.25,7.34955204,48176.50444188,6555.02596344
76,6540.00000002,1510642500,6565.81519824,6540.00000002,6559,21.80354963,142875.82651931,6552.87001171
77,6520.70077837,1510642800,6545.99999996,6520.70077837,6544.90979988,23.12992997,151132.69056136,6534.07471433
78,6538.8530784,1510643100,6553.99999999,6520.70077837,6524.7451944,16.83483436,109994.92780251,6533.7695311
79,6560.00000033,1510643400,6568.936,6538.9671,6543.00229976,18.30291984,119943.86855276,6553.26415682
80,6555.00000013,1510643700,6566.92829983,6550,6565.8051,9.45196145,62008.23921581,6560.35676233
81,6560.07688923,1510644000,6566.851778,6555.00000017,6555.44455544,8.22016823,53929.35090201,6560.6140158
82,6555.169,1510644300,6566.85177799,6550,6562.28769934,10.48887369,68803.34642552,6559.65058394
83,6562.7338,1510644600,6566.85177797,6555,6560.48949997,3.48197275,22847.71972642,6561.71698254
84,6537.6087,1510644900,6562.73379997,6532.63672245,6562.57299997,10.41773365,68222.03878878,6548.6449434
85,6535.31970003,1510645200,6550.6692999,6532.6749306,6539.37569994,3.27910568,21450.55287745,6541.58632589
86,6540.00000024,1510645500,6548.69356908,6532.8517776,6541.3782,9.8508804,64437.50008579,6541.29351583
87,6539.4345989,1510645800,6540.00000024,6519.80708129,6540.00000024,14.48103438,94531.5928056,6527.95859225
88,6560.68396839,1510646100,6563,6539.4345989,6540.00000008,15.53388468,101815.20999814,6554.39460866
89,6545.02608154,1510646400,6569.89687392,6540.00000007,6560.9314,13.2038968,86547.60436124,6554.70166665
90,6557.5,1510646700,6562,6545.02608154,6550.79692976,7.85705106,51481.69521357,6552.29230667
91,6544.99999988,1510647000,6565.02608166,6543,6557.2248666,11.28819069,74034.19586145,6558.55290671
92,6541.86683111,1510647300,6557.04465249,6518.11,6543,29.24977245,190954.69802044,6528.41653202
93,6515.8678,1510647600,6546.14737316,6513.57160078,6546.14737316,15.83872499,103441.86078972,6530.94620021
94,6468.3416999,1510647900,6532.35299262,6468.3416999,6519.0610995,25.96843946,168592.26944599,6492.1987209
95,6462.3416999,1510648200,6480.13898561,6453.22744344,6468.3416999,19.55948087,126549.03938999,6469.9590051
96,6472.22763654,1510648500,6486.84097761,6458.5636784,6462.3416999,14.13634493,91505.4899356,6473.06573153
97,6430.00000001,1510648800,6485,6430.00000001,6484.99999993,21.35717716,137972.07030762,6460.22034063
98,6440,1510649100,6450,6425,6433,15.80967102,101797.85575548,6438.96104015
99,6447.76219993,1510649400,6455.123,6440,6445.0716999,25.42890759,163908.14818846,6445.74084074
100,6450,1510649700,6455.12299999,6430,6450.62599984,24.89094012,160311.60344501,6440.5604076
101,6468.56700001,1510650000,6480,6450,6450,9.7438618,62936.94689621,6459.13788475
102,6480,1510650300,6481.95291618,6460.57824576,6468.56700001,17.12450507,110928.27598119,6477.75077456
103,6499.868102,1510650600,6505.62096475,6461.68430516,6480.63911872,22.63399048,146640.98815204,6478.79516789
104,6504.14381673,1510650900,6506.11,6488.35200934,6499.86810201,20.56644885,133607.45939094,6496.37963099
105,6491.954,1510651200,6504.14381674,6480,6504.14381673,17.45443838,113360.07133789,6494.62726155
106,6503.48999998,1510651500,6510,6487.74799769,6491.954,23.93229592,155608.39462417,6502.02534451
107,6500.85992195,1510651800,6510,6494.73000749,6503.48999999,41.97568574,272928.2399376,6502.05553824
108,6507.98999994,1510652100,6520,6500.85992192,6500.85992195,23.40006839,152210.19552403,6504.69019949
109,6511.34429764,1510652400,6517.52139624,6497.2221589,6507.98999994,18.65536213,121381.55361419,6506.52358117
110,6503.03901469,1510652700,6515,6488.22292063,6505.16856119,15.88248226,103246.97362084,6500.68244564
111,6522.56290923,1510653000,6523.1148576,6503.03901469,6503.03901469,7.60102162,49514.46089882,6514.18498383
112,6540,1510653300,6540.1998444,6517.31362318,6519.99999994,5.0302686,32829.2027731,6526.33196825
113,6568.1912201,1510653600,6569.38480811,6532.1341886,6540,22.24143828,145810.13233094,6555.78701769
114,6572.38480811,1510653900,6578,6568.1912201,6569.38480811,11.37612539,74787.4078672,6574.06676731
115,6550.04048786,1510654200,6574.4568,6537.48960276,6574.4568,17.99292536,117989.54712036,6557.55219118
116,6560,1510654500,6560,6550.04048786,6554.99999993,7.7794032,51007.42587342,6556.72736867
117,6527.1486,1510654800,6562,6518.68940161,6560,19.08805315,124896.07605908,6543.15424824
118,6498.90422566,1510655100,6532.99999992,6498.00000001,6518.68940168,78.7232992,512648.59203036,6512.03134573
119,6503.43730002,1510655400,6516.87604971,6481.1293903,6503.0935,23.75010418,154488.31258085,6504.74252281
120,6525.2476,1510655700,6543.46489879,6503.43730003,6505.48860965,18.9981872,123957.25771563,6524.68871954
121,6540.8415248,1510656000,6547,6518,6524.99499998,8.71130001,56883.36009355,6529.83596343
122,6533.25944338,1510656300,6547,6523,6547,24.0756454,157230.03955686,6530.66769112
123,6543.00000012,1510656600,6556.32519116,6530,6530.00000012,11.38514706,74469.04476429,6540.89441022
124,6545.76886579,1510656900,6562.006172,6543.00000001,6543.00000001,18.9738154,124353.15073158,6553.93488921
125,6504.34959999,1510657200,6545.76886575,6492.00000001,6545,23.03395851,150104.7782796,6516.67312044
126,6524.9794297,1510657500,6524.9794297,6500.00000004,6504.34959999,8.05521279,52459.8519736,6512.53459607
127,6524.11319986,1510657800,6534.95532183,6510.00000004,6524.9794297,10.99755823,71782.20592664,6527.10396484
128,6479.21999993,1510658100,6518.09689997,6450.12,6518.09689997,30.59821064,198040.26701672,6472.28262288
129,6456.04897082,1510658400,6480.3059827,6456.04897061,6479.21999989,9.03951703,58480.07473662,6469.38044837
130,6444.2586,1510658700,6467.0398,6421.18421104,6467.0398,69.55814464,447907.63404329,6439.32693089
131,6444.04019996,1510659000,6456.58013005,6422.8167,6444.00000032,20.08370374,129383.93551307,6442.23481824
132,6440.73010219,1510659300,6449.99999999,6405.123,6445.97369999,48.54709293,312192.43196221,6430.71321309
133,6472.7378,1510659600,6489.78363567,6436.141,6440.73010219,22.86189238,147852.61292837,6467.20798396
134,6425.32756891,1510659900,6472.7378,6425.32756891,6472.7378,26.42324485,170122.82345475,6438.377437
135,6418.03462862,1510660200,6444.3555,6406,6426.60230052,26.02199235,167139.07779659,6422.99311861
136,6423,1510660500,6424.99999991,6405.15146731,6412.017,16.474928,105686.81267508,6415.00907773
137,6386.4629336,1510660800,6422.73558245,6386.4629336,6416.36860001,54.96570798,351935.80808182,6402.82497971
138,6347.99999999,1510661100,6389.9722,6299.35892763,6389.9722,145.42006517,920723.09930696,6331.4721956
139,6330,1510661400,6349,6317.94292293,6347.99999999,46.24867798,292984.08231242,6334.97204912
140,6365.330402,1510661700,6365.56962612,6317.94292293,6323.8,48.96171932,310384.17125284,6339.32336453
141,6391.08270007,1510662000,6395,6341.58796601,6365.56962612,23.9222495,152431.43933447,6371.95257638
142,6388.61768797,1510662300,6399.99999999,6361.44420003,6394,15.46646767,98809.14542005,6388.60453002
143,6372.1937,1510662600,6386,6353.83477165,6371.85298654,11.79588429,75126.68961758,6368.89001032
144,6390.08570001,1510662900,6394.76080546,6360,6362.00000004,24.87246498,158662.73546832,6379.05151724
145,6395.93075646,1510663200,6417.82799999,6368.14328364,6394.7544107,44.70988402,285730.08702957,6390.75885103
146,6421.4337,1510663500,6422.43871999,6390,6399.492,26.15154835,167435.18287937,6402.49596844
147,6431.00000011,1510663800,6448.87681697,6410,6416.01939179,16.06616213,103318.23728238,6430.79762586
148,6434.71709997,1510664100,6448.94598489,6430,6431.368543,25.9246993,166837.69346017,6435.472656
149,6398.99999993,1510664400,6432.00000001,6398.99999993,6432,28.28635321,181479.55373469,6415.79889734
150,6403.99,1510664700,6403.99,6394.98712341,6397.33591403,8.29536396,53080.14098502,6398.77180084
151,6403.9159,1510665000,6403.99,6400,6403.4028,14.00170213,89632.89221138,6401.57113607
152,6403.99,1510665300,6403.99,6400.00000001,6403.9159,20.13663295,128944.68913895,6403.48808359
153,6375.66011036,1510665600,6403.99,6370.00000001,6403.98999999,18.93727389,121133.48141071,6396.56384093
154,6370.00000001,1510665900,6386.45698746,6370.00000001,6375.66589998,16.03069779,102163.89501291,6373.01609394
155,6370.00000002,1510666200,6391.62636231,6370.00000001,6373.3135,14.30403111,91245.14540735,6378.98119108
156,6384.39820534,1510666500,6390,6370.00000001,6389.99999984,5.7739872,36831.82686488,6378.92423192
157,6373.00000002,1510666800,6387.99999998,6358.9714304,6375,12.3188368,78491.36318005,6371.65378958
158,6356,1510667100,6385,6356,6380,27.85292044,177681.20437692,6379.26657492
159,6365.85394005,1510667400,6379.99999943,6356,6379.99999943,10.2066967,64913.51731145,6359.8948043
160,6380,1510667700,6396.1502,6365.85394006,6365.85394006,9.27475402,59176.5462652,6380.38983433
161,6419.99999999,1510668000,6424,6371.00000001,6371.00000014,43.04836263,274938.17208183,6386.72774722
162,6417.00000001,1510668300,6420.00000005,6404.09712546,6413.58641359,11.9387324,76599.94795565,6416.0871849
163,6425,1510668600,6440,6417,6417.03000011,21.60390697,138807.58583268,6425.11495839
164,6441.13572698,1510668900,6450.07400001,6425,6436.78449997,14.23452329,91674.051218,6440.2614229
165,6441.13572688,1510669200,6461.46922852,6435.40667499,6445.91477361,13.8998841,89625.18248483,6447.90861852
166,6431.0010001,1510669500,6441,6425,6435.40667511,11.36064055,73114.33828605,6435.75843846
167,6449.99989999,1510669800,6450,6431.00100026,6440,12.38052034,79784.73598181,6444.37663286
168,6450,1510670100,6453.999,6440.00000033,6444.00000001,6.59909639,42556.56144081,6448.84677018
169,6441.78000001,1510670400,6453.99899998,6441.63500001,6452.99999998,15.79353652,101850.40041188,6448.86598279
170,6453.99899998,1510670700,6453.99899998,6441.78000001,6446.635,6.91546798,44586.22207005,6447.31812785
171,6479.93636598,1510671000,6479.93636602,6445.78000001,6445.78000001,24.69208633,159383.85044896,6454.8555484
172,6473.46891103,1510671300,6479.93636596,6455.87668779,6479.93636589,10.59548062,68536.53495268,6468.46871894
173,6489,1510671600,6489,6467,6473.46891103,26.93639133,174621.10387277,6482.72078221
174,6496.90546866,1510671900,6498,6480.38043327,6488.99999999,13.5754631,88112.61253295,6490.57876581
175,6483.8142954,1510672200,6500,6483.8142954,6498,17.39027436,112960.66272066,6495.62280515
176,6470,1510672500,6491.00000004,6451.76011655,6491.00000004,17.73448243,114735.64315095,6469.63584101
177,6478,1510672800,6479.2797,6449,6470,13.93362997,89978.53262635,6457.65194138
178,6480.00000015,1510673100,6480.00000017,6460.00000192,6470.00000006,4.12251721,26690.00978213,6474.20214945
179,6486.99999955,1510673400,6497.0016904,6471.8069,6476.99999956,12.97065287,84127.27888059,6485.97103968
180,6464.00000021,1510673700,6493.60946769,6464.00000009,6486.99999955,6.43349663,41658.83552329,6475.30229969
181,6458.99999968,1510674000,6477.22079947,6450,6470.22079999,9.49208898,61352.3635446,6463.52596081
182,6431.0000006,1510674300,6458.99999955,6430,6450,22.28921273,143504.90409666,6438.31192402
183,6453.77515946,1510674600,6459.96061687,6430.90546919,6431.00000069,18.27506397,117770.66729033,6444.33680142
184,6468.6408138,1510674900,6472.57115883,6453.77515941,6459.96061687,19.102634,123439.49401239,6461.90959908
185,6430.00000004,1510675200,6468.64081363,6430,6461,11.73732998,75764.30336386,6454.9862271
186,6425.0001,1510675500,6441.05280938,6425,6430.00000004,35.16906749,226190.4501178,6431.51684877
187,6439.99999998,1510675800,6445.19390045,6402.75995725,6426.99999999,18.53983619,119089.81062665,6423.4553858
188,6451.55802166,1510676100,6451.55802166,6423.09949347,6439.99999976,28.59050881,183996.35110514,6435.57455825
189,6438.9999998,1510676400,6452.73061647,6435.79999944,6452.73061647,5.63393253,36347.42584077,6451.51954646
190,6445,1510676700,6449.89999997,6436.5000002,6438.99999977,9.51323471,61286.57055733,6442.24308824
191,6449.99999999,1510677000,6452,6439,6448,9.56818494,61676.50702799,6445.99863137
192,6500.00000001,1510677300,6500.00000001,6445.17630001,6449.99999999,43.95897281,284445.85665127,6470.71208603
193,6505.00000001,1510677600,6510,6475.30000001,6500,19.15848209,124456.94837596,6496.18001005
194,6514.63129956,1510677900,6519.24845286,6490.47,6505.00000001,36.01028636,234161.09094008,6502.6167412
195,6517.88776174,1510678200,6520,6492.21023499,6500.4236448,26.67504057,173716.18960702,6512.31210506
196,6510,1510678500,6520.2429026,6500.00000001,6519,25.37262366,165233.36048003,6512.26939295
197,6516.18075747,1510678800,6518.04430002,6500.00000002,6500.19999999,18.89292764,122956.6060845,6508.07584866
198,6518.08075735,1510679100,6519.99999984,6505,6518.04430002,6.76664959,44082.74977608,6514.70852594
199,6510.00000019,1510679400,6520.24290259,6507.37770001,6507.37770001,9.80886609,63912.61562007,6515.80060668
200,6525.00000014,1510679700,6540.1933801,6510.37770016,6520,17.33027701,113210.07254531,6532.50219139
201,6533.00000009,1510680000,6550,6525.00000009,6525.00000015,24.89769401,162882.76785428,6542.08248317
202,6540.99999982,1510680300,6550,6533.00000009,6533.00000009,22.02157075,144154.36310607,6546.05271997
203,6521.99999999,1510680600,6540.99999972,6508,6534.21583071,12.00628559,78298.74333462,6521.47933244
204,6535.2001,1510680900,6549.001757,6510.23372798,6521.99999999,13.08667971,85487.09357517,6532.37455715
205,6523,1510681200,6539.99999997,6521.99999995,6539.99999997,6.34257057,41384.82148607,6524.928817
206,6505.49355706,1510681500,6524.368,6495,6524.36799993,42.17169557,274491.14577211,6508.89517393
207,6511.00000007,1510681800,6524.16,6500.48451539,6505.49355707,19.96608684,130039.64230781,6513.02597999
208,6511.60041076,1510682100,6517.20009997,6500.95006118,6515,4.27656895,27827.25972132,6506.91244468
209,6506,1510682400,6513.80051008,6500.99000009,6500.99000009,9.37634673,61019.58610815,6507.82099524
210,6512.29000002,1510682700,6513.50041068,6501.60041094,6506,5.15134825,33545.38798506,6511.96276335
211,6537.7915667,1510683000,6540.60041,6512.29,6512.29000002,25.05372395,163550.89042776,6528.0072038
212,6538.29600033,1510683300,6544.088,6537.79156667,6539.196,12.83816835,83959.27406145,6539.81718984
213,6550,1510683600,6552.20009999,6538.29600034,6544.088,19.78696914,129576.14228829,6548.55937619
214,6512.77999984,1510683900,6552.2001,6501.20009999,6550,38.1356591,248821.23587157,6524.63446925
215,6494.77999971,1510684200,6522.40009993,6490.99987599,6512.9999998,17.60500604,114535.79212061,6505.8649716
216,6480.60306397,1510684500,6501.16002426,6470,6494.7799998,17.78472489,115420.94517035,6489.89207785
217,6470.03777007,1510684800,6485,6470,6480.60306397,11.94447029,77374.40140104,6477.84284463
218,6482.00000006,1510685100,6492.702207,6472.3000001,6484.99999999,15.77840341,102348.67215081,6486.63045881
219,6470.012,1510685400,6490.60220685,6470.012,6490.60220685,7.23721045,46872.30199314,6476.57026377
220,6481.90854088,1510685700,6482.21209975,6460,6470.012,11.25457654,72807.34652023,6469.13246904
221,6520.8999045,1510686000,6522.48670053,6475.30001961,6482.21209975,21.33430774,138625.24791762,6497.76170884
222,6508.96489875,1510686300,6538.73999989,6508.96489875,6522.48670054,30.14253319,196667.72041481,6524.59165177
223,6527,1510686600,6533.23776996,6508.9648999,6520,11.91806417,77725.63372822,6521.66598698
224,6510,1510686900,6533.61299986,6508.96489893,6530.03777,5.29140443,34494.05020951,6518.8837228
225,6510.02514093,1510687200,6519.988,6487.80311083,6510,49.28021806,320466.66588685,6502.94739963
226,6529.10000004,1510687500,6539,6505.00000001,6510.02514093,9.02372255,58863.23936034,6523.16591453
227,6561,1510687800,6566,6531.00000006,6531.00000006,34.66572267,227172.52307687,6553.23199921
228,6539.89399999,1510688100,6555.44700008,6538.66071811,6548.04423143,13.90370541,90993.68348383,6544.56353903
229,6539.44699931,1510688400,6540,6520.04020683,6538.66071811,8.51949554,55649.5155329,6532.02003236
230,6540.03465523,1510688700,6550.9,6525.00000013,6539.44699927,12.26911354,80191.26838358,6536.02789819
231,6558,1510689000,6558,6540,6540,16.25865313,106434.45661507,6546.32679374
232,6589,1510689300,6593,6553.05300001,6558,43.66649761,286960.26235673,6571.63450386
233,6576.00000008,1510689600,6594.39267646,6560.28506559,6591.99999991,21.08843353,138828.63200937,6583.16473871
234,6576.000001,1510689900,6582.91388737,6573,6576.00000008,13.59382347,89395.01823069,6576.1497071
235,6597.76665579,1510690200,6598.2659,6576.000001,6579.457,30.8327426,203140.86369906,6588.47856431
236,6620.00000002,1510690500,6621.0949412,6597.76665578,6598.00000001,100.41661891,663156.01858315,6604.04647937
237,6605.99999997,1510690800,6621.0949412,6575.00000009,6620.00000002,48.51249905,320028.8577483,6596.83306395
238,6618.8,1510691100,6619.99000002,6593.37451267,6593.37451267,43.53222446,287845.43912612,6612.23823723
239,6608.0000999,1510691400,6619.98999999,6586.78103913,6618.79999999,22.77485027,150296.73016303,6599.24119725
240,6600.66872562,1510691700,6625.00000145,6599.99999989,6608.00009991,25.27559427,167212.95014189,6615.5892659
241,6600.58414329,1510692000,6607,6587.21808902,6600.822,11.42620892,75399.19979809,6598.79408174
242,6600.6950493,1510692300,6620,6600.58414329,6600.66872566,18.42116923,121782.95576546,6611.03289617
243,6610,1510692600,6610.66872567,6600,6607.31087573,14.90681303,98484.4099264,6606.67103881
244,6603,1510692900,6616.57,6600,6610.66872567,19.6414734,129710.59604326,6603.91373914
245,6601.669,1510693200,6612.66872562,6601.669,6604,20.57674366,135937.01173969,6606.34228553
246,6590.0385,1510693500,6605.835,6575.00000011,6605.83499997,31.15494228,205331.75043675,6590.66380516
247,6578.25685594,1510693800,6595.95532451,6575.00000011,6586.5966543,17.15713026,112974.36612416,6584.68895509
248,6599.99999996,1510694100,6602.47789999,6580.00000007,6580.00000007,10.72510516,70742.95964282,6596.01547839
249,6600,1510694400,6610,6599.99999991,6599.99999996,11.46751984,75696.0354208,6600.90729965
250,6590,1510694700,6600.0000001,6590,6599.99999999,9.10321007,60028.85436739,6594.25124827
251,6559.99999992,1510695000,6594.61690707,6549.7300759,6590,41.44943748,271926.26998113,6560.43330171
252,6575.99999999,1510695300,6577.52311759,6549.00332855,6559.06125037,9.77080388,64106.73121775,6561.04983838
253,6579.56399991,1510695600,6592.97836779,6559.99999955,6576.73589967,19.52925569,128581.96266185,6584.0687788
254,6565.00000016,1510695900,6579.56399991,6564.09783824,6579.56399991,17.2684301,113448.1726429,6569.68653119
255,6577.10141448,1510696200,6579.5639998,6564.40739247,6570,5.06713401,33308.71611579,6573.48237683
256,6582.11038591,1510696500,6588.37120066,6558.15237475,6579.5639998,25.2606018,166072.14240833,6574.35415526
257,6560.00000013,1510696800,6582.11038565,6551.76266987,6558.15237474,10.07557888,66062.81467316,6556.72646306
258,6563.90668273,1510697100,6569.9999996,6553.99999999,6560.00000013,26.33595321,172866.56001537,6563.89987622
259,6579.00000019,1510697400,6587.91679721,6557.77399307,6569.9999996,19.91288527,130853.73221138,6571.30950322
260,6587.91679725,1510697700,6588.00000003,6571.99999986,6579.00000009,12.89798671,84898.32273822,6582.29262032
261,6587.00000015,1510698000,6590,6578.18718227,6587.91679725,10.34576012,68122.51842462,6584.58321423
262,6593,1510698300,6595,6578.18718242,6587.00000015,13.25016637,87312.75407449,6589.55907694
263,6559.4340491,1510698600,6593,6559.4340491,6593,12.13529738,79867.19728723,6581.39597129
264,6556.00000052,1510698900,6571.72392682,6549.0017567,6559.4340491,6.07239613,39823.95387127,6558.19433032
265,6530.7283,1510699200,6571.72392682,6530.7283,6571.72392682,17.53455169,114866.53636314,6550.86815984
266,6545.52379744,1510699500,6549.99999999,6530.00000005,6531.73563755,10.58591329,69206.49988753,6537.60313273
267,6537.73813921,1510699800,6549.00175666,6531.00200418,6545.52379724,4.64144517,30335.72502663,6535.83612765
268,6527.8693,1510700100,6550,6512.93187728,6542.4454,69.98109045,456939.28282769,6529.46788753
269,6499.99999954,1510700400,6529.99999996,6480.00000001,6529.99999996,80.67951626,524952.17147689,6506.63508919
270,6519.67000001,1510700700,6528.21976684,6482.1178109,6488.57876662,20.23379553,131694.55063683,6508.64295043
271,6514.00000001,1510701000,6529.10999987,6504.75632914,6519.67000001,15.4447829,100644.27005709,6516.39266856
272,6507.57479529,1510701300,6520.99999949,6500.00000001,6504.75632924,28.14205357,183204.62729686,6509.99497393
273,6530.03710402,1510701600,6530.03710416,6507.57479504,6520.999999,8.96264113,58422.76913269,6518.47689596
274,6530.03710247,1510701900,6530.03710379,6520,6520.00000001,9.80820392,64019.15727249,6527.10300424
275,6545.3,1510702200,6546.5728147,6521.00000003,6530.03710379,5.68187791,37164.18081619,6540.82706542
276,6551.52740002,1510702500,6553.856,6537.00000001,6545.3,18.59023076,121695.85239788,6546.22602424
277,6549.93000002,1510702800,6564.99999967,6549.93,6551.52740002,15.47545377,101445.03947483,6555.22228831
278,6555,1510703100,6568.82257723,6548.31600004,6564.99999958,11.78067505,77206.08319319,6553.62132182
279,6544.00000007,1510703400,6556.64810588,6539.86722693,6556,10.33420837,67710.09213163,6552.03472848
280,6554.91826454,1510703700,6560,6543.45965565,6556.64810563,15.92619018,104314.38964608,6549.86462343
281,6563.00000015,1510704000,6577,6554.91826453,6554.91826454,17.56078299,115306.38496328,6566.13005405
282,6627.63605112,1510704300,6629.69504971,6563.00000019,6563.00000019,45.01979724,297211.60299913,6601.7979027
283,6645,1510704600,6650,6627.63605112,6629.69504971,39.02920653,259256.86388424,6642.63732046
284,6639.4991001,1510704900,6648.99999997,6635.24091454,6648.99999996,13.97581215,92832.0686517,6642.3380377
285,6656.00000006,1510705200,6656.39392049,6628.05600008,6639.4991001,83.23541758,553274.34612316,6647.10242597
286,6655.76332527,1510705500,6674.99999999,6644.88830716,6656.39392049,36.33330033,242027.05772157,6661.30121743
287,6671.00000003,1510705800,6675.96220005,6650.83162117,6656.42784308,28.79433477,191896.19592853,6664.37330333
